Address,Name,Amount,DueDate
1A,Rajesh Kumar,1500,2025-01-31
2A,Priya Sharma,1500,2025-01-31
3A,Amit Verma,2000,2025-01-31
4A,Suresh Patel,1500,2025-01-31
5A,Anita Desai,1800,2025-01-31
6A,Vikram Singh,1500,2025-01-31
7A,Kavita Reddy,0,2025-01-31
8A,Rahul Gupta,1500,2025-01-31
9A,Sneha Iyer,1500,2025-01-31
10A,Manish Joshi,2500,2025-01-31
1B,Arjun Malhotra,1500,2025-01-31
2B,Deepa Nair,1500,2025-01-31
3B,Rohan Mehta,1750,2025-01-31
4B,Meera Kapoor,1500,2025-01-31
5B,Sanjay Rao,1500,2025-01-31
6B,Pooja Saxena,0,2025-01-31
7B,Karan Singh,1500,2025-01-31
8B,Nisha Bhatt,1500,2025-01-31
9B,Vivek Agarwal,2100,2025-01-31
10B,Anjali Chawla,1500,2025-01-31
1C,Tarun Das,1500,2025-01-31
2C,Geeta Krishnan,1650,2025-01-31
3C,Mohit Jain,1500,2025-01-31
4C,Ritu Khanna,1500,2025-01-31
5C,Ashok Chatterjee,1900,2025-01-31